{
    "train": {
        "loss": 0.701772153377533,
        "accuracy": 0.5451364517211914
    },
    "eval": {
        "loss": 0.6861521601676941,
        "accuracy": 0.5759803652763367
    },
    "step": 0
}
